{
    "train": [
        15.044652104377747,
        7.146935045719147,
        4.928837388753891,
        4.997105926275253,
        3.5531256794929504,
        3.140895426273346,
        3.1939322650432587,
        2.6614711731672287,
        6.508940294384956,
        5.327116429805756,
        2.6030833572149277
    ],
    "val": [
        8.61113291978836,
        4.537680894136429,
        3.5650405883789062,
        5.30282124876976,
        2.599749267101288,
        2.5162629187107086,
        1.7463416010141373,
        2.3385678827762604,
        7.664282828569412,
        2.5758767277002335,
        3.719586208462715
    ]
}