{
    "train": [
        20.160061836242676,
        18.869560956954956,
        17.471633076667786,
        15.885892271995544,
        14.31882381439209,
        12.976516604423523,
        11.791926622390747,
        10.673047304153442,
        9.605336666107178,
        8.514112412929535,
        7.4550774693489075,
        6.450306713581085,
        5.562685549259186,
        4.909825623035431,
        4.347957402467728,
        3.9072849452495575,
        3.5647383332252502,
        3.389039009809494,
        3.321403741836548,
        3.0430111438035965
    ],
    "val": [
        19.425309896469116,
        18.123534679412842,
        16.601351737976074,
        14.96128535270691,
        13.472405791282654,
        12.250365734100342,
        11.100458145141602,
        9.985494315624237,
        8.912384986877441,
        7.859251976013184,
        6.791362702846527,
        5.8232420682907104,
        5.090880662202835,
        4.487763911485672,
        3.9920525550842285,
        3.6220145225524902,
        3.3722878098487854,
        3.281463325023651,
        3.009884476661682,
        2.7994259744882584
    ]
}