{
    "train": [
        18.72359836101532,
        13.75436794757843,
        11.29551362991333,
        9.740453362464905,
        8.526812374591827,
        7.4677654504776,
        6.628692448139191,
        5.9361507296562195,
        5.367745935916901,
        4.892470568418503,
        4.479236602783203,
        4.113148748874664,
        3.798111081123352,
        3.5391168296337128,
        3.32150000333786,
        3.1039005517959595,
        2.9123751521110535,
        2.771403431892395,
        2.6990324407815933,
        2.6636243611574173
    ],
    "val": [
        15.267578482627869,
        12.093585729598999,
        10.286396980285645,
        8.974332392215729,
        7.832585990428925,
        6.9063809514045715,
        6.146304249763489,
        5.537002086639404,
        5.008547008037567,
        4.582669287919998,
        4.174639165401459,
        3.8464107513427734,
        3.548441857099533,
        3.3413271009922028,
        3.1119899451732635,
        2.8869308531284332,
        2.7496655583381653,
        2.6347503811120987,
        2.5611211359500885,
        2.521310046315193
    ]
}