{
    "train": [
        16.829403042793274,
        7.738446652889252,
        3.3651720881462097,
        3.767986834049225,
        3.21532079577446,
        6.251588672399521,
        3.2774274945259094,
        2.611362114548683,
        1.7749096751213074,
        2.8669454976916313,
        3.4350595623254776,
        3.529032275080681
    ],
    "val": [
        10.29752254486084,
        3.4185447692871094,
        4.266950279474258,
        2.1158729940652847,
        2.906842917203903,
        4.536353528499603,
        3.1753867864608765,
        1.9366465508937836,
        1.7028163000941277,
        4.686241656541824,
        2.7502584755420685,
        2.115555837750435
    ]
}