{
    "train": [
        20.182824850082397,
        19.166369915008545,
        18.042168140411377,
        16.740647077560425,
        15.092859029769897,
        13.233800053596497,
        11.490127325057983,
        9.975470423698425,
        8.603901028633118,
        7.359100818634033,
        6.1639755964279175,
        5.107894062995911,
        4.298063188791275,
        3.7296485900878906,
        3.293994963169098,
        2.9603336453437805,
        2.6567834317684174,
        2.6419089436531067,
        2.45173180103302,
        2.3112726360559464
    ],
    "val": [
        19.589871168136597,
        18.56947946548462,
        17.340464234352112,
        15.85570228099823,
        14.01378607749939,
        12.16641914844513,
        10.554169416427612,
        9.090653836727142,
        7.835481941699982,
        6.5884814858436584,
        5.475204646587372,
        4.505543053150177,
        3.8116798996925354,
        3.4199747443199158,
        3.055578291416168,
        2.6959406435489655,
        2.520857408642769,
        2.436110109090805,
        2.283975511789322,
        2.1674805879592896
    ]
}