{
    "train": [
        19.90336501598358,
        15.357628107070923,
        12.472254514694214,
        10.344614088535309,
        8.736147940158844,
        7.492141485214233,
        6.508613705635071,
        5.711160123348236,
        5.042330235242844,
        4.490980535745621,
        4.042726665735245,
        3.684789150953293,
        3.381623327732086,
        3.1016199588775635,
        2.874768227338791,
        2.6890318393707275,
        2.5342101454734802,
        2.3914559930562973,
        2.269368827342987,
        2.1586256325244904
    ],
    "val": [
        16.939112186431885,
        13.557657241821289,
        11.136075019836426,
        9.316764950752258,
        7.928605318069458,
        6.844681203365326,
        5.974542200565338,
        5.252143979072571,
        4.6524889171123505,
        4.167575895786285,
        3.7657336592674255,
        3.4486219584941864,
        3.1455416083335876,
        2.9000385403633118,
        2.6911991834640503,
        2.5219709277153015,
        2.3681632727384567,
        2.2310447096824646,
        2.124500125646591,
        2.0313510596752167
    ]
}