{
    "train": [
        21.424397468566895,
        13.206579685211182,
        7.992960214614868,
        6.058034330606461,
        3.80312517285347,
        4.94484880566597,
        4.551784813404083,
        5.455577418208122,
        2.844270184636116,
        1.5798973888158798,
        1.2369869947433472,
        2.8004613146185875,
        6.288828343153,
        3.4930754601955414
    ],
    "val": [
        14.638369679450989,
        9.718098819255829,
        4.941739767789841,
        3.401618391275406,
        2.7562195956707,
        3.4119466692209244,
        6.369601160287857,
        2.407056599855423,
        1.690681368112564,
        0.9570157118141651,
        1.1849972903728485,
        5.778092473745346,
        3.6795002818107605,
        1.768794246017933
    ]
}