{
    "train": [
        24.341333389282227,
        22.73636794090271,
        20.918031930923462,
        18.646650910377502,
        16.240179300308228,
        14.360138535499573,
        12.944681882858276,
        11.748156547546387,
        10.472800433635712,
        9.233727276325226,
        8.061041116714478,
        7.064667642116547,
        6.256293892860413,
        5.523103892803192,
        4.982815116643906,
        4.447531133890152,
        4.020387887954712,
        3.639754980802536,
        3.344943031668663,
        3.1634198129177094
    ],
    "val": [
        23.44826054573059,
        21.77078080177307,
        19.71961283683777,
        17.242825031280518,
        15.020154476165771,
        13.492029666900635,
        12.216264247894287,
        11.001457452774048,
        9.742530584335327,
        8.392274737358093,
        7.416252970695496,
        6.46142190694809,
        5.7012936770915985,
        5.0931991040706635,
        4.564937859773636,
        4.1611113250255585,
        3.668545424938202,
        3.326560616493225,
        3.155044734477997,
        2.973483145236969
    ]
}