{
    "train": [
        20.61454403400421,
        15.51746952533722,
        12.775558829307556,
        10.860818982124329,
        9.338647663593292,
        8.088920295238495,
        7.0372801423072815,
        6.1555399894714355,
        5.400958746671677,
        4.775577038526535,
        4.255594611167908,
        3.849835127592087,
        3.5180515348911285,
        3.248599261045456,
        3.033563330769539,
        2.750209480524063,
        2.6349387019872665,
        2.5919988602399826,
        2.7711262106895447,
        2.3671038299798965
    ],
    "val": [
        17.14764893054962,
        13.728914380073547,
        11.53839898109436,
        9.88734257221222,
        8.517351627349854,
        7.395895302295685,
        6.442060708999634,
        5.631865859031677,
        4.945593029260635,
        4.374638587236404,
        3.9243155121803284,
        3.6155678629875183,
        3.394490420818329,
        3.1455962657928467,
        2.7299332320690155,
        2.574521616101265,
        2.4220618903636932,
        2.655532553792,
        2.411330461502075,
        2.0752320885658264
    ]
}