{
    "train": [
        17.168461084365845,
        10.369826555252075,
        6.5339857041835785,
        2.650466740131378,
        1.2764471545815468,
        4.477898336946964,
        5.259023517370224,
        3.8638171404600143
    ],
    "val": [
        12.038992643356323,
        8.278529286384583,
        4.086861968040466,
        1.268080122768879,
        1.5639304090291262,
        8.65895426273346,
        2.756501540541649,
        3.9631040394306183
    ]
}