{
    "train": [
        20.341955184936523,
        19.60875415802002,
        18.78804349899292,
        17.85442590713501,
        16.690840244293213,
        15.230916500091553,
        13.471901059150696,
        11.563811421394348,
        9.732934415340424,
        8.137736320495605,
        6.867262661457062,
        5.829892516136169,
        5.020228445529938,
        4.385749846696854,
        3.871307522058487,
        3.569514274597168,
        3.3426408171653748,
        2.9014502316713333,
        2.646425426006317,
        2.5761451423168182
    ],
    "val": [
        19.913991689682007,
        19.14445471763611,
        18.282120943069458,
        17.233959436416626,
        15.902134656906128,
        14.274609684944153,
        12.333929538726807,
        10.432875275611877,
        8.691128432750702,
        7.253751993179321,
        6.163114428520203,
        5.274271368980408,
        4.544122934341431,
        3.973847270011902,
        3.496198058128357,
        3.2586842477321625,
        2.869245409965515,
        2.5884642004966736,
        2.349503770470619,
        2.2870979458093643
    ]
}