{
    "train": [
        19.83217430114746,
        15.598839163780212,
        12.768618822097778,
        10.60168707370758,
        8.916084825992584,
        7.620880842208862,
        6.618302285671234,
        5.81459367275238,
        5.178629249334335,
        4.620975822210312,
        4.14256876707077,
        3.7167223691940308,
        3.362346738576889,
        3.057016372680664,
        2.7948072254657745,
        2.593115270137787,
        2.425298199057579,
        2.299051359295845,
        2.2299854457378387,
        2.329176351428032
    ],
    "val": [
        17.091328024864197,
        13.821524500846863,
        11.403250098228455,
        9.52456670999527,
        8.077018737792969,
        6.960021674633026,
        6.078193783760071,
        5.380123794078827,
        4.7901953756809235,
        4.279302477836609,
        3.8300741016864777,
        3.4481085538864136,
        3.122109681367874,
        2.83869206905365,
        2.604241266846657,
        2.455476090312004,
        2.323361486196518,
        2.232090249657631,
        2.1732751429080963,
        1.9821657240390778
    ]
}