{
    "train": [
        19.937514543533325,
        12.688774704933167,
        8.656852662563324,
        4.804511249065399,
        4.677858978509903,
        3.0380000472068787,
        1.6726477593183517,
        1.2001794539391994,
        3.19497649371624,
        8.169072955846786,
        4.453169956803322
    ],
    "val": [
        14.887998342514038,
        10.00553584098816,
        5.206262409687042,
        3.8574714362621307,
        3.4146840572357178,
        1.650699645280838,
        1.1074768081307411,
        1.2379524856805801,
        3.8997144997119904,
        4.820755332708359,
        4.380007326602936
    ]
}