{
    "train": [
        24.421498775482178,
        22.919169902801514,
        21.279677629470825,
        19.207032918930054,
        16.907286167144775,
        14.843108177185059,
        13.252182006835938,
        11.969426155090332,
        10.58804714679718,
        9.312814593315125,
        8.104273498058319,
        7.019040167331696,
        6.089585959911346,
        5.3244099617004395,
        4.524103283882141,
        3.9818485975265503,
        3.441962242126465,
        3.0262875854969025,
        2.7384626269340515,
        2.650707244873047
    ],
    "val": [
        23.541980743408203,
        22.0325345993042,
        20.13304591178894,
        17.87640357017517,
        15.62690794467926,
        13.855888843536377,
        12.457509517669678,
        11.114605188369751,
        9.782150685787201,
        8.547697901725769,
        7.388790965080261,
        6.4042951464653015,
        5.576485335826874,
        4.716923803091049,
        4.063367038965225,
        3.6203177869319916,
        2.9982773661613464,
        2.6739880740642548,
        2.4507949203252792,
        2.273783341050148
    ]
}