{
    "train": [
        21.776338815689087,
        15.839606404304504,
        12.640944957733154,
        10.512138962745667,
        8.85676223039627,
        7.522706687450409,
        6.434184372425079,
        5.528365910053253,
        4.782582521438599,
        4.174343228340149,
        3.7114376425743103,
        3.3281922340393066,
        2.996560424566269,
        2.7927655577659607,
        2.5490668565034866,
        2.359849452972412,
        2.2256781458854675,
        2.128313198685646,
        1.9569065421819687,
        1.8515832126140594
    ],
    "val": [
        17.71891725063324,
        13.749048590660095,
        11.292329549789429,
        9.475895762443542,
        8.00943899154663,
        6.825627267360687,
        5.843062460422516,
        5.024213522672653,
        4.35713729262352,
        3.840659499168396,
        3.417775869369507,
        3.054132968187332,
        2.7691228091716766,
        2.5546836256980896,
        2.3310733139514923,
        2.163104757666588,
        2.0531308501958847,
        1.8969211131334305,
        1.781105250120163,
        1.7074933052062988
    ]
}