{
    "train": [
        19.02972400188446,
        11.174691081047058,
        4.75051474571228,
        1.9522325247526169,
        4.29825946688652,
        6.078248456120491,
        3.165352463722229
    ],
    "val": [
        13.921512484550476,
        6.039273738861084,
        1.5378942117094994,
        2.300997979938984,
        5.213578104972839,
        2.2006502598524094,
        2.324541673064232
    ]
}