{
    "train": [
        21.12637972831726,
        19.755513191223145,
        18.306362986564636,
        16.58792805671692,
        14.736718893051147,
        13.037445306777954,
        11.653329372406006,
        10.435058534145355,
        9.21995609998703,
        8.033819437026978,
        6.840991258621216,
        5.684242337942123,
        4.694427400827408,
        3.7899241745471954,
        3.125274181365967,
        2.8369561582803726,
        2.3034676015377045,
        1.9857325106859207,
        1.7438909709453583,
        1.790889099240303
    ],
    "val": [
        20.330497980117798,
        18.949398279190063,
        17.330991625785828,
        15.499886512756348,
        13.664823293685913,
        12.164615869522095,
        10.932616949081421,
        9.68952751159668,
        8.541301429271698,
        7.305014550685883,
        6.086876213550568,
        5.0523229241371155,
        4.033420711755753,
        3.3383036255836487,
        2.9791509062051773,
        2.4740419685840607,
        2.0712737888097763,
        1.7778266817331314,
        1.918783687055111,
        1.4794069081544876
    ]
}