{
    "train": [
        18.55291259288788,
        13.03322184085846,
        10.520293235778809,
        8.673181474208832,
        7.118952095508575,
        5.887608587741852,
        4.947951287031174,
        4.22065594792366,
        3.6206049025058746,
        3.141779273748398,
        2.7414144575595856,
        2.4034440964460373,
        2.1463681757450104,
        1.9365732818841934,
        1.7576902508735657,
        1.6323098838329315,
        1.531671017408371,
        1.3722449913620949,
        1.341471090912819,
        1.5452354922890663
    ],
    "val": [
        14.460970520973206,
        11.419871211051941,
        9.418071925640106,
        7.726982295513153,
        6.3313562870025635,
        5.263570189476013,
        4.459436804056168,
        3.810902386903763,
        3.2854131758213043,
        2.8634230494499207,
        2.5124229341745377,
        2.220467582345009,
        2.007952943444252,
        1.812302514910698,
        1.6359362751245499,
        1.571614682674408,
        1.4200699627399445,
        1.3127064630389214,
        1.3096429854631424,
        1.2593185752630234
    ]
}