{
    "train": [
        15.130449771881104,
        6.841966211795807,
        3.9218891113996506,
        2.071519859135151,
        1.6912956833839417,
        1.5834677089005709,
        9.692635506391525,
        4.3425038531422615
    ],
    "val": [
        8.922115087509155,
        4.3358073234558105,
        4.268694072961807,
        1.1211748775094748,
        0.4551930334419012,
        2.4304809756577015,
        8.675694942474365,
        2.2848349437117577
    ]
}