{
    "train": [
        20.776596069335938,
        19.18399691581726,
        17.255512952804565,
        15.31845510005951,
        13.72124981880188,
        12.557702660560608,
        11.61100149154663,
        10.536200881004333,
        9.49983948469162,
        8.44095641374588,
        7.335258483886719,
        6.246465027332306,
        5.1457467675209045,
        4.299261629581451,
        3.5773633420467377,
        3.1092748939990997,
        2.650306925177574,
        2.2243533432483673,
        1.9194103330373764,
        1.7221670746803284
    ],
    "val": [
        19.908161640167236,
        18.14618730545044,
        16.1083824634552,
        14.300748825073242,
        13.036548495292664,
        11.964837908744812,
        10.957594990730286,
        9.916061282157898,
        8.888363420963287,
        7.803569316864014,
        6.62013566493988,
        5.595556735992432,
        4.573126941919327,
        3.8300158083438873,
        3.1564812660217285,
        2.744020625948906,
        2.304749548435211,
        2.012462317943573,
        1.7646880447864532,
        1.5978871583938599
    ]
}