{
    "train": [
        18.022078275680542,
        13.203048944473267,
        10.944331288337708,
        9.196148097515106,
        7.701436817646027,
        6.48832231760025,
        5.488208293914795,
        4.700955510139465,
        4.054526448249817,
        3.51718869805336,
        3.079207330942154,
        2.7311093360185623,
        2.45081590116024,
        2.205965906381607,
        1.9801803082227707,
        1.7850550562143326,
        1.6132586151361465,
        1.4754597842693329,
        1.3545753359794617,
        1.2391308918595314
    ],
    "val": [
        14.542476415634155,
        11.768916010856628,
        9.908692240715027,
        8.273385763168335,
        6.948276042938232,
        5.847642183303833,
        4.977581828832626,
        4.2843755185604095,
        3.692958801984787,
        3.2186601758003235,
        2.8373028337955475,
        2.5260016173124313,
        2.2675534039735794,
        2.029531255364418,
        1.8257520496845245,
        1.6468971818685532,
        1.4943639189004898,
        1.365485168993473,
        1.2545546367764473,
        1.121078260242939
    ]
}