{
    "train": [
        17.491094946861267,
        9.186711490154266,
        3.341808281838894,
        1.2558162361383438,
        7.490880236029625,
        7.195195406675339,
        5.404309779405594
    ],
    "val": [
        10.714235424995422,
        4.503655791282654,
        1.420800432562828,
        2.320888876914978,
        6.0230454206466675,
        6.83683568239212,
        4.585937738418579
    ]
}