{
    "train": [
        20.24902844429016,
        19.406938076019287,
        18.46564769744873,
        17.41448664665222,
        16.115460872650146,
        14.516480207443237,
        12.721588850021362,
        11.01224172115326,
        9.507144331932068,
        8.17596697807312,
        7.2408347725868225,
        6.2498868107795715,
        5.438356399536133,
        4.922088593244553,
        4.549068510532379,
        4.117427855730057,
        3.48030486702919,
        3.083195239305496,
        2.801476627588272,
        2.7038670778274536
    ],
    "val": [
        19.728463411331177,
        18.868848085403442,
        17.866138458251953,
        16.670244097709656,
        15.165419340133667,
        13.451600670814514,
        11.714333772659302,
        10.037010431289673,
        8.588317573070526,
        7.430960237979889,
        6.623109519481659,
        5.696348637342453,
        5.029897212982178,
        4.3956407606601715,
        4.032789796590805,
        3.691687047481537,
        3.0538553595542908,
        2.7563945651054382,
        2.634884014725685,
        2.6015793532133102
    ]
}