{
    "train": [
        19.993784189224243,
        15.556854605674744,
        12.837843179702759,
        10.797737956047058,
        9.136492609977722,
        7.814730525016785,
        6.768003702163696,
        5.934294104576111,
        5.249617248773575,
        4.669771820306778,
        4.161465764045715,
        3.705349951982498,
        3.3385753333568573,
        2.9881871342658997,
        2.7385064214468002,
        2.5283323377370834,
        2.3210624009370804,
        2.3623292595148087,
        2.5125040411949158,
        2.281331107020378
    ],
    "val": [
        17.03595781326294,
        13.837294936180115,
        11.569478988647461,
        9.75591504573822,
        8.287394523620605,
        7.121456980705261,
        6.213559448719025,
        5.458265066146851,
        4.842551052570343,
        4.299997538328171,
        3.808921366930008,
        3.4013121724128723,
        3.0568325221538544,
        2.746820777654648,
        2.499695599079132,
        2.3185127824544907,
        2.1563627421855927,
        2.1376982927322388,
        2.039092108607292,
        2.0081853717565536
    ]
}