{
    "train": [
        16.91177809238434,
        11.612465977668762,
        7.705472826957703,
        5.324392765760422,
        6.723774075508118,
        6.130694180727005,
        3.7107824832201004,
        4.666521146893501,
        5.791922971606255,
        3.938126504421234,
        5.6672316789627075
    ],
    "val": [
        12.811850905418396,
        9.618659853935242,
        4.880636245012283,
        4.713989049196243,
        7.098026931285858,
        3.7495916932821274,
        2.942987635731697,
        3.215600907802582,
        3.61918868124485,
        3.0258142799139023,
        3.336187928915024
    ]
}