{
    "train": [
        20.46831178665161,
        19.293894290924072,
        17.999707460403442,
        16.36680006980896,
        14.591901421546936,
        13.059566617012024,
        11.759054183959961,
        10.526589035987854,
        9.389075756072998,
        8.268417119979858,
        7.209426403045654,
        6.310382753610611,
        5.4847710728645325,
        4.9010346829891205,
        4.410128474235535,
        4.022355020046234,
        3.750799000263214,
        3.4647261202335358,
        3.149551600217819,
        2.9625425040721893
    ],
    "val": [
        19.80833601951599,
        18.633983850479126,
        17.13074827194214,
        15.350649952888489,
        13.664840698242188,
        12.233948826789856,
        11.011799335479736,
        9.789014518260956,
        8.735188245773315,
        7.6079424023628235,
        6.599349617958069,
        5.712377101182938,
        5.10072934627533,
        4.521945804357529,
        4.15377539396286,
        3.8023810386657715,
        3.441139727830887,
        3.239313393831253,
        2.96697735786438,
        2.882508769631386
    ]
}