{
    "train": [
        20.003225326538086,
        14.391916990280151,
        11.619922637939453,
        9.822794377803802,
        8.470700144767761,
        7.419536471366882,
        6.563842058181763,
        5.859575033187866,
        5.266732960939407,
        4.732469916343689,
        4.258738875389099,
        3.842690199613571,
        3.5122692584991455,
        3.2305940091609955,
        3.01811882853508,
        2.8712120354175568,
        2.76910200715065,
        2.705785572528839,
        2.484043762087822,
        2.769726261496544
    ],
    "val": [
        16.177062392234802,
        12.602970123291016,
        10.4609375,
        8.953493595123291,
        7.773273527622223,
        6.840972363948822,
        6.069855213165283,
        5.438267350196838,
        4.87406799197197,
        4.372962474822998,
        3.9318602979183197,
        3.5658709704875946,
        3.2569316625595093,
        3.023252308368683,
        2.8839593827724457,
        2.766037195920944,
        2.749506190419197,
        2.4885335862636566,
        2.9031932204961777,
        2.936320275068283
    ]
}