{
    "train": [
        8.152321815490723,
        6.898426532745361,
        5.485411316156387,
        4.9826556742191315,
        4.650344550609589,
        3.4539596140384674,
        5.8783328384160995,
        6.085981577634811,
        4.255203068256378,
        3.5421511232852936
    ],
    "val": [
        7.31899881362915,
        5.490661799907684,
        5.559287190437317,
        4.742256343364716,
        4.326145738363266,
        1.9284227043390274,
        5.330053597688675,
        4.476973474025726,
        4.036848098039627,
        3.2804718613624573
    ]
}