{
    "train": [
        6.069124341011047,
        5.734397828578949,
        5.375318169593811,
        5.06242161989212,
        4.793835639953613,
        4.5383747816085815,
        4.280035078525543,
        3.991546154022217,
        3.6627286970615387,
        3.309217244386673,
        2.9094638526439667,
        2.488138720393181,
        2.1230359971523285,
        1.7384061515331268,
        1.443216733634472,
        1.1733700707554817,
        1.0978933051228523,
        1.0724100768566132,
        0.8625508397817612,
        0.6505097001791
    ],
    "val": [
        5.903704404830933,
        5.5338170528411865,
        5.186088562011719,
        4.901466488838196,
        4.639440029859543,
        4.3840466141700745,
        4.112043738365173,
        3.7995637953281403,
        3.449638694524765,
        3.0576943457126617,
        2.6761074513196945,
        2.238969162106514,
        1.873476192355156,
        1.5210575461387634,
        1.2461659386754036,
        1.0161606669425964,
        0.8716253340244293,
        1.0285153165459633,
        0.7031974457204342,
        0.5296109952032566
    ]
}