{
    "train": [
        5.599437177181244,
        4.3450197875499725,
        3.71583890914917,
        3.2472724616527557,
        2.8474908769130707,
        2.4991704374551773,
        2.1726498752832413,
        1.8780131340026855,
        1.6062954366207123,
        1.3647431284189224,
        1.1655937135219574,
        1.009265162050724,
        0.8674185648560524,
        0.739629290997982,
        0.6773984618484974,
        0.6127252653241158,
        0.529653113335371,
        0.4656999111175537,
        1.44314369186759,
        1.50355514138937
    ],
    "val": [
        4.708383649587631,
        3.9325263500213623,
        3.417526960372925,
        2.9889858067035675,
        2.6235986053943634,
        2.286257728934288,
        1.9799411743879318,
        1.692021757364273,
        1.437906563282013,
        1.2074421644210815,
        1.0308876559138298,
        0.9043082818388939,
        0.7733189985156059,
        0.6831797882914543,
        0.6224865391850471,
        0.5404464341700077,
        0.46749934554100037,
        0.4323796257376671,
        1.787059061229229,
        1.005694143474102
    ]
}