{
    "train": [
        18.014440774917603,
        11.713242053985596,
        6.885049641132355,
        4.908680886030197,
        4.347462058067322,
        6.579738974571228,
        5.585938900709152,
        4.07841494679451
    ],
    "val": [
        12.254541277885437,
        7.435380935668945,
        4.999782234430313,
        3.0271003991365433,
        4.3572273552417755,
        5.468453377485275,
        3.057058736681938,
        3.298915460705757
    ]
}