{
    "train": [
        24.564048051834106,
        23.251718759536743,
        21.620224952697754,
        19.541616201400757,
        17.14829933643341,
        15.00248920917511,
        13.389521479606628,
        12.076926231384277,
        10.946373999118805,
        9.925710618495941,
        9.032938182353973,
        8.22999256849289,
        7.463079512119293,
        6.817763805389404,
        6.357141494750977,
        5.57352015376091,
        5.097373992204666,
        4.783120512962341,
        4.4175368547439575,
        4.073438078165054
    ],
    "val": [
        23.833601236343384,
        22.376389026641846,
        20.521507740020752,
        18.2033429145813,
        15.82117784023285,
        13.980528831481934,
        12.531730055809021,
        11.379147410392761,
        10.297636330127716,
        9.353800654411316,
        8.516945719718933,
        7.714873731136322,
        6.972709059715271,
        6.375981271266937,
        5.739640414714813,
        5.165865004062653,
        4.7651529014110565,
        4.437492787837982,
        4.124084800481796,
        3.76284196972847
    ]
}