{
    "train": [
        21.925338745117188,
        15.546891450881958,
        12.69581425189972,
        10.92899489402771,
        9.552634835243225,
        8.39142495393753,
        7.431230664253235,
        6.630124986171722,
        5.977769732475281,
        5.402738690376282,
        4.924025356769562,
        4.500483989715576,
        4.156231164932251,
        3.8482018411159515,
        3.601149082183838,
        3.407343715429306,
        3.3116995096206665,
        3.295933485031128,
        3.0710515081882477,
        2.96196785569191
    ],
    "val": [
        17.446486949920654,
        13.624130725860596,
        11.540781855583191,
        10.04169774055481,
        8.783113479614258,
        7.743199467658997,
        6.864314615726471,
        6.150675356388092,
        5.533970594406128,
        5.013698935508728,
        4.564898908138275,
        4.206459164619446,
        3.8491117358207703,
        3.5973308384418488,
        3.3548498153686523,
        3.2613791823387146,
        3.217120498418808,
        2.9751791954040527,
        3.010966122150421,
        2.7558453381061554
    ]
}