{
    "train": [
        13.857282519340515,
        9.845267593860626,
        7.6907660365104675,
        5.83831912279129,
        6.772074073553085,
        6.417882323265076,
        6.297665625810623,
        5.975062906742096
    ],
    "val": [
        10.128095984458923,
        8.149390578269958,
        5.628984212875366,
        4.579484432935715,
        4.458966165781021,
        7.316260010004044,
        6.281379520893097,
        4.642593204975128
    ]
}