{
    "train": [
        15.899362802505493,
        14.841896295547485,
        13.738741755485535,
        12.613664507865906,
        11.569306373596191,
        10.641488313674927,
        9.782765626907349,
        9.033390879631042,
        8.315128087997437,
        7.640560746192932,
        6.961121380329132,
        6.3225438594818115,
        5.733245074748993,
        5.23969566822052,
        4.764543294906616,
        4.383750408887863,
        4.055908173322678,
        3.8744833767414093,
        3.56525382399559,
        3.3690524995326996
    ],
    "val": [
        15.314716339111328,
        14.229928970336914,
        13.10420835018158,
        11.999401807785034,
        10.958311319351196,
        10.118331670761108,
        9.299291253089905,
        8.602216362953186,
        7.846374750137329,
        7.192657768726349,
        6.541608572006226,
        5.926201283931732,
        5.348403632640839,
        4.845048755407333,
        4.508781045675278,
        4.063102036714554,
        3.8298410177230835,
        3.566326469182968,
        3.393263041973114,
        3.2455861270427704
    ]
}