{
    "train": [
        13.73516309261322,
        10.097445130348206,
        8.625720143318176,
        7.6392346024513245,
        6.843202829360962,
        6.143287777900696,
        5.532491624355316,
        5.005945682525635,
        4.5458177626132965,
        4.14682349562645,
        3.8044997453689575,
        3.521108090877533,
        3.29142963886261,
        3.0884367525577545,
        2.921532928943634,
        2.79469396173954,
        2.6589306443929672,
        2.538985252380371,
        2.4505729526281357,
        2.4469998478889465
    ],
    "val": [
        11.013587355613708,
        9.094127774238586,
        7.976479589939117,
        7.122892498970032,
        6.377802610397339,
        5.725880563259125,
        5.1651387214660645,
        4.680164009332657,
        4.260879963636398,
        3.8858393728733063,
        3.5769967138767242,
        3.3213948011398315,
        3.10547736287117,
        2.9177072048187256,
        2.7621501982212067,
        2.64200259745121,
        2.49323932826519,
        2.3828598260879517,
        2.2795599848031998,
        2.4163766652345657
    ]
}