{
    "train": [
        15.45440661907196,
        10.895074844360352,
        8.687907814979553,
        6.607379794120789,
        4.1966274827718735,
        9.031430959701538,
        8.275043427944183,
        5.276083558797836
    ],
    "val": [
        11.209179878234863,
        9.306974291801453,
        6.46310168504715,
        3.807343512773514,
        8.69953042268753,
        7.044049322605133,
        5.197216659784317,
        4.998765617609024
    ]
}