{
    "train": [
        15.260380983352661,
        14.240389585494995,
        13.243303775787354,
        12.2385995388031,
        11.267642736434937,
        10.375373125076294,
        9.610604047775269,
        8.791532337665558,
        7.935261607170105,
        7.157864928245544,
        6.398673951625824,
        5.930427730083466,
        5.564131140708923,
        4.921110689640045,
        4.4658278822898865,
        4.146669030189514,
        3.7389668077230453,
        3.5142760276794434,
        3.412754699587822,
        3.5841090828180313
    ],
    "val": [
        14.664130449295044,
        13.659842610359192,
        12.620162606239319,
        11.642269015312195,
        10.697268009185791,
        9.847955048084259,
        9.034555852413177,
        8.256622016429901,
        7.429153203964233,
        6.63202178478241,
        5.937706142663956,
        5.4806704223155975,
        5.038625478744507,
        4.39953339099884,
        4.089881896972656,
        3.7912316620349884,
        3.6296985000371933,
        3.264083653688431,
        3.2226939350366592,
        3.3283415734767914
    ]
}