{
    "train": [
        14.467260956764221,
        11.06457233428955,
        9.413148641586304,
        8.203138053417206,
        7.197296857833862,
        6.3335224986076355,
        5.579410910606384,
        4.910787582397461,
        4.3517125248909,
        3.8846231400966644,
        3.47562038898468,
        3.1316761523485184,
        2.8423199504613876,
        2.597733750939369,
        2.3958648443222046,
        2.2714529931545258,
        2.085077464580536,
        1.93599933385849,
        1.8505187928676605,
        1.8534804210066795
    ],
    "val": [
        12.021358132362366,
        9.98154491186142,
        8.632435977458954,
        7.556487858295441,
        6.631275951862335,
        5.838233292102814,
        5.1260823011398315,
        4.5151562094688416,
        4.01056444644928,
        3.5779589414596558,
        3.1993483304977417,
        2.8891358226537704,
        2.625074803829193,
        2.415084958076477,
        2.2515377402305603,
        2.154539793729782,
        1.988391175866127,
        1.9354243576526642,
        1.7122986540198326,
        2.2489912658929825
    ]
}