{
    "train": [
        16.530933737754822,
        8.801102101802826,
        6.021327346563339,
        4.038593277335167,
        1.8497296199202538,
        2.232556030154228,
        6.30562125146389,
        8.7574462890625
    ],
    "val": [
        11.107793092727661,
        7.17141979932785,
        4.667671799659729,
        2.361246734857559,
        0.9753236025571823,
        2.7716211676597595,
        14.07143747806549,
        4.053984731435776
    ]
}