{
    "train": [
        20.47560143470764,
        19.360441207885742,
        18.116543650627136,
        16.644245743751526,
        14.976699709892273,
        13.326809287071228,
        11.908497929573059,
        10.536216259002686,
        9.273010671138763,
        8.055896878242493,
        6.970310270786285,
        5.856050193309784,
        4.898301213979721,
        4.152727156877518,
        3.5901516377925873,
        3.148194819688797,
        2.7862213253974915,
        2.654144138097763,
        2.6904076784849167,
        2.5744724422693253
    ],
    "val": [
        19.821068048477173,
        18.673802614212036,
        17.288965821266174,
        15.677160859107971,
        13.994633674621582,
        12.386786580085754,
        11.057786703109741,
        9.735460877418518,
        8.556272745132446,
        7.346311688423157,
        6.219021379947662,
        5.206809729337692,
        4.390931993722916,
        3.7490217089653015,
        3.25815087556839,
        2.9052023887634277,
        2.594934418797493,
        2.5226879864931107,
        2.4519868791103363,
        2.303801044821739
    ]
}