{
    "train": [
        18.59649133682251,
        12.89093029499054,
        10.345906019210815,
        8.678017318248749,
        7.359497845172882,
        6.350031554698944,
        5.4699214696884155,
        4.712169736623764,
        4.122772812843323,
        3.6454208493232727,
        3.2795873880386353,
        2.9945835769176483,
        2.7811705470085144,
        2.580855756998062,
        2.4268610030412674,
        2.244494378566742,
        2.1091288626194,
        2.076561838388443,
        2.463802218437195,
        1.9518352448940277
    ],
    "val": [
        14.433223009109497,
        11.212059140205383,
        9.293394684791565,
        7.8414193987846375,
        6.704825937747955,
        5.78719687461853,
        4.967721462249756,
        4.2997559905052185,
        3.7842513620853424,
        3.357133209705353,
        3.0378865599632263,
        2.7564884424209595,
        2.477525442838669,
        2.3013301640748978,
        2.359657898545265,
        2.100882798433304,
        2.0116755068302155,
        1.8294040858745575,
        2.033982038497925,
        1.715018704533577
    ]
}