{
    "train": [
        13.520812749862671,
        9.220941960811615,
        5.721564531326294,
        4.470141381025314,
        6.964143991470337,
        8.556047320365906,
        6.241524010896683,
        3.462148994207382,
        2.94438274204731,
        3.3483931869268417,
        4.843065559864044,
        7.460190296173096
    ],
    "val": [
        9.178842782974243,
        6.979763686656952,
        3.6813796311616898,
        4.586047425866127,
        8.72145789861679,
        6.494052290916443,
        3.5891593992710114,
        2.6996567994356155,
        2.352103404700756,
        4.684350714087486,
        4.290294408798218,
        5.654614865779877
    ]
}