{
    "train": [
        15.709474682807922,
        14.633557319641113,
        13.483902335166931,
        12.27469253540039,
        11.175457239151001,
        10.191712141036987,
        9.34236478805542,
        8.669722080230713,
        7.9957610964775085,
        7.539494514465332,
        6.836546778678894,
        6.260200321674347,
        5.7331074476242065,
        5.371596038341522,
        5.064312726259232,
        4.721983879804611,
        4.6806584894657135,
        4.451875746250153,
        4.081618279218674,
        3.7508944869041443
    ],
    "val": [
        15.105983138084412,
        13.981329441070557,
        12.774409413337708,
        11.594353914260864,
        10.560654878616333,
        9.659194469451904,
        8.92852658033371,
        8.289624333381653,
        7.761544585227966,
        6.993500530719757,
        6.3691970109939575,
        5.844998002052307,
        5.357623666524887,
        5.076673775911331,
        4.651304125785828,
        4.529495716094971,
        4.484485387802124,
        3.9949094653129578,
        3.775605648756027,
        3.5702149271965027
    ]
}