{
    "train": [
        14.539817810058594,
        10.747561812400818,
        9.342578947544098,
        8.375949382781982,
        7.499979019165039,
        6.730297088623047,
        6.021794021129608,
        5.36013999581337,
        4.7523055374622345,
        4.2555005848407745,
        3.85658797621727,
        3.587929219007492,
        3.4097473323345184,
        3.12527933716774,
        2.8412780165672302,
        2.7061873376369476,
        2.5684896409511566,
        2.558091849088669,
        2.657902345061302,
        2.381987050175667
    ],
    "val": [
        11.662036061286926,
        9.813953876495361,
        8.74651724100113,
        7.822982132434845,
        7.003102898597717,
        6.264988422393799,
        5.573756635189056,
        4.93016442656517,
        4.379830300807953,
        3.9331200420856476,
        3.619851380586624,
        3.4031356871128082,
        3.0511474907398224,
        2.869530349969864,
        2.663194239139557,
        2.532277390360832,
        2.458453133702278,
        2.588009551167488,
        2.276669979095459,
        2.1823751479387283
    ]
}