{
    "train": [
        16.92440962791443,
        10.84604001045227,
        7.864187568426132,
        3.460625633597374,
        2.7769546806812286,
        3.4341180697083473,
        5.801245763897896,
        6.482358485460281
    ],
    "val": [
        11.187819242477417,
        8.9006627202034,
        4.807949602603912,
        1.9547946229577065,
        3.0667791217565536,
        1.970560759305954,
        12.482295274734497,
        4.8452437818050385
    ]
}