{
    "train": [
        21.12336826324463,
        19.455842971801758,
        17.6281601190567,
        15.480799198150635,
        13.369730472564697,
        11.714269042015076,
        10.334857523441315,
        9.092577397823334,
        7.906635522842407,
        6.880300760269165,
        5.987050265073776,
        5.235929787158966,
        4.602211445569992,
        4.100825279951096,
        3.694354861974716,
        3.286546617746353,
        2.9434614181518555,
        2.5819059908390045,
        2.324643149971962,
        2.0520019829273224
    ],
    "val": [
        20.17633628845215,
        18.46579146385193,
        16.463305354118347,
        14.219302892684937,
        12.337480068206787,
        10.849619269371033,
        9.563742518424988,
        8.358103692531586,
        7.25167840719223,
        6.319229602813721,
        5.50543537735939,
        4.859838396310806,
        4.263400375843048,
        3.86183962225914,
        3.4134254306554794,
        2.9481161683797836,
        2.624839037656784,
        2.3509437292814255,
        2.1459800750017166,
        1.895932748913765
    ]
}