{
    "train": [
        19.274884462356567,
        13.456513404846191,
        10.857115387916565,
        9.314867615699768,
        8.090116441249847,
        7.029016137123108,
        6.10997462272644,
        5.293671131134033,
        4.577612489461899,
        3.9724116027355194,
        3.4596187472343445,
        3.029574304819107,
        2.661912888288498,
        2.377723664045334,
        2.174374371767044,
        2.026740774512291,
        1.757803052663803,
        1.5646449625492096,
        1.8869506865739822,
        1.8238333016633987
    ],
    "val": [
        15.250743389129639,
        11.707399487495422,
        9.859140396118164,
        8.546391129493713,
        7.415568172931671,
        6.430679023265839,
        5.5834901332855225,
        4.824188768863678,
        4.173859804868698,
        3.621629387140274,
        3.1576365530490875,
        2.767008423805237,
        2.4377613961696625,
        2.1889812648296356,
        1.9707319289445877,
        1.754363477230072,
        1.626067191362381,
        1.4635202139616013,
        1.8568515926599503,
        1.4122022688388824
    ]
}