{
    "train": [
        16.72347366809845,
        11.664575457572937,
        6.902271330356598,
        4.481464594602585,
        6.973231196403503,
        4.866467654705048,
        3.2754565328359604,
        3.07873997092247,
        2.419542759656906,
        2.2112767547369003,
        3.0646492689847946,
        11.117499709129333
    ],
    "val": [
        13.547808647155762,
        7.618159353733063,
        4.554667443037033,
        3.0926968455314636,
        4.643077045679092,
        2.597481369972229,
        1.9606195092201233,
        2.6949205696582794,
        1.9190085604786873,
        2.0355026572942734,
        4.770291835069656,
        11.443090379238129
    ]
}