{
    "train": [
        20.267080068588257,
        18.781167149543762,
        17.220524787902832,
        15.512443900108337,
        13.79915463924408,
        12.243228077888489,
        10.927886247634888,
        9.77909141778946,
        8.760153472423553,
        7.78464812040329,
        6.847208738327026,
        6.035407781600952,
        5.407936871051788,
        4.756880939006805,
        4.198962539434433,
        3.8790189027786255,
        3.6814636886119843,
        3.6344097554683685,
        3.363638788461685,
        3.0759430825710297
    ],
    "val": [
        19.465062618255615,
        17.923670172691345,
        16.25362753868103,
        14.522432804107666,
        12.857922792434692,
        11.415235161781311,
        10.195819914340973,
        9.164062023162842,
        8.128141939640045,
        7.185446739196777,
        6.3006656765937805,
        5.5696157813072205,
        4.931234806776047,
        4.344198435544968,
        3.959306061267853,
        3.7238619327545166,
        3.6390043199062347,
        3.2573529183864594,
        3.153767555952072,
        2.8690905272960663
    ]
}