{
    "train": [
        18.318509101867676,
        13.326444625854492,
        10.990667343139648,
        9.47305566072464,
        8.283513009548187,
        7.221867084503174,
        6.3376670479774475,
        5.5519028306007385,
        4.926935613155365,
        4.425471812486649,
        4.0087500512599945,
        3.6393900513648987,
        3.331119328737259,
        3.0624271035194397,
        2.8457763493061066,
        2.6854506731033325,
        2.5163454115390778,
        2.3754119127988815,
        2.2568299919366837,
        2.1766019016504288
    ],
    "val": [
        14.80503499507904,
        11.790163516998291,
        10.011243343353271,
        8.719074010848999,
        7.609039545059204,
        6.648184955120087,
        5.8059675097465515,
        5.114523470401764,
        4.560992419719696,
        4.11173802614212,
        3.712322860956192,
        3.379651039838791,
        3.0892696380615234,
        2.843862533569336,
        2.6673016250133514,
        2.4912377446889877,
        2.3346802443265915,
        2.1882531493902206,
        2.0989697575569153,
        2.0244218707084656
    ]
}