{
    "train": [
        18.798957467079163,
        12.640401244163513,
        10.202264189720154,
        6.649080157279968,
        5.2065505385398865,
        6.3632301688194275,
        7.041628301143646,
        5.570069134235382,
        4.250234395265579,
        5.929992288351059,
        5.428186893463135,
        4.466377899050713,
        3.9547838047146797,
        3.046051561832428,
        2.2270672768354416,
        2.889426440000534,
        6.27795122563839,
        6.687694668769836
    ],
    "val": [
        13.279172778129578,
        9.945613384246826,
        7.537417232990265,
        5.10636380314827,
        5.2883316576480865,
        5.66767755150795,
        5.331954091787338,
        4.755663573741913,
        4.362972617149353,
        6.385409414768219,
        5.998639225959778,
        2.975793406367302,
        3.209284007549286,
        2.1875219121575356,
        2.4944038167595863,
        6.30186852812767,
        4.513771444559097,
        5.049121290445328
    ]
}