{
    "train": [
        20.289716482162476,
        19.053450107574463,
        17.609633684158325,
        16.007343769073486,
        14.383813261985779,
        13.016867995262146,
        11.938141584396362,
        10.787501037120819,
        9.735604166984558,
        8.705980002880096,
        7.672833025455475,
        6.610158145427704,
        5.764757871627808,
        4.918650418519974,
        4.223256081342697,
        3.773765593767166,
        3.373875230550766,
        2.9026194512844086,
        2.6178950369358063,
        2.450169622898102
    ],
    "val": [
        19.600173711776733,
        18.26177179813385,
        16.733716249465942,
        15.045833945274353,
        13.527228951454163,
        12.301799297332764,
        11.245493054389954,
        10.113936126232147,
        9.014786005020142,
        8.125168204307556,
        6.975198864936829,
        6.011243999004364,
        5.291045427322388,
        4.409090876579285,
        3.7093829810619354,
        3.4034168422222137,
        3.0409206449985504,
        2.6116462498903275,
        2.455533057451248,
        2.212200880050659
    ]
}