{
    "train": [
        18.200599908828735,
        13.870750665664673,
        11.525647640228271,
        9.857748329639435,
        8.509381294250488,
        7.358688771724701,
        6.372526466846466,
        5.530783474445343,
        4.840336591005325,
        4.268138378858566,
        3.8126205503940582,
        3.4508049190044403,
        3.14479798078537,
        2.9119206964969635,
        2.7044981867074966,
        2.537006601691246,
        2.364143118262291,
        2.229947030544281,
        2.0697494745254517,
        2.062578946352005
    ],
    "val": [
        15.242368698120117,
        12.336413979530334,
        10.442247986793518,
        8.982501924037933,
        7.773303329944611,
        6.706051766872406,
        5.804278075695038,
        5.053172200918198,
        4.420784205198288,
        3.916515499353409,
        3.5074591636657715,
        3.1705344319343567,
        2.8916713893413544,
        2.658361926674843,
        2.4525507986545563,
        2.291815683245659,
        2.2449498772621155,
        2.039987877011299,
        1.939890444278717,
        2.0281659215688705
    ]
}