{
    "train": [
        6.672223329544067,
        5.071843445301056,
        4.143014371395111,
        3.1786974668502808,
        3.3816587775945663,
        5.015029728412628,
        1.6838116273283958,
        1.3502227552235126,
        3.205452375113964,
        3.7162782698869705
    ],
    "val": [
        5.014697372913361,
        3.955379605293274,
        3.031500071287155,
        1.1137323528528214,
        3.288002237677574,
        2.6200428009033203,
        0.5595509931445122,
        2.269063077867031,
        4.514564961194992,
        1.9978882521390915
    ]
}