{
    "train": [
        6.031253159046173,
        5.7368521094322205,
        5.455990433692932,
        5.217710316181183,
        4.981045782566071,
        4.734725743532181,
        4.448220103979111,
        4.112456142902374,
        3.7606608271598816,
        3.4076492190361023,
        2.9861444532871246,
        2.5249334573745728,
        2.101942330598831,
        1.7986180782318115,
        1.3505869507789612,
        1.0505385771393776,
        1.0651956498622894,
        0.9955026134848595,
        0.7401026338338852,
        0.509755190461874
    ],
    "val": [
        5.8277342319488525,
        5.551174640655518,
        5.31067430973053,
        5.067727744579315,
        4.831494331359863,
        4.565899014472961,
        4.254060059785843,
        3.906614810228348,
        3.5125040411949158,
        3.0636965334415436,
        2.7902060598134995,
        2.289841413497925,
        1.844982385635376,
        1.4509804546833038,
        1.095298871397972,
        0.9900158494710922,
        0.827734000980854,
        0.7932836413383484,
        0.5715808384120464,
        0.4207240268588066
    ]
}