{
    "train": [
        5.593525767326355,
        4.540324687957764,
        3.9438444674015045,
        3.4453625082969666,
        3.0188283920288086,
        2.6459044218063354,
        2.309079498052597,
        1.9871604889631271,
        1.7019881308078766,
        1.4796497821807861,
        1.3500984534621239,
        1.269615225493908,
        1.09552201628685,
        0.8734953999519348,
        0.7853948250412941,
        0.7175435423851013,
        0.6428566165268421,
        0.5581105537712574,
        0.5198983550071716,
        0.748003639280796
    ],
    "val": [
        4.853888690471649,
        4.16150426864624,
        3.6250490844249725,
        3.1636534929275513,
        2.7654413878917694,
        2.42198146879673,
        2.0850525498390198,
        1.7777141481637955,
        1.5144932270050049,
        1.3380080685019493,
        1.2357782125473022,
        1.0263705253601074,
        0.9034273251891136,
        0.7993680611252785,
        0.7186256572604179,
        0.6738138794898987,
        0.5753029324114323,
        0.5004597865045071,
        0.4666708819568157,
        0.9424117021262646
    ]
}