{
    "train": [
        17.394901037216187,
        8.528054356575012,
        4.047568649053574,
        2.843037486076355,
        8.733653903007507,
        4.716716408729553,
        6.362293362617493
    ],
    "val": [
        10.789196372032166,
        4.561690241098404,
        2.7650963813066483,
        3.4721911549568176,
        6.12779438495636,
        4.163461983203888,
        3.440371125936508
    ]
}