{
    "train": [
        24.31542134284973,
        22.717740058898926,
        20.778491735458374,
        18.40548050403595,
        15.963524341583252,
        14.142069816589355,
        12.881616473197937,
        11.879328966140747,
        11.016902208328247,
        10.275896072387695,
        9.401213765144348,
        8.484876036643982,
        7.667737424373627,
        6.974243223667145,
        6.480209946632385,
        5.847011089324951,
        5.195904105901718,
        4.75055530667305,
        4.356141567230225,
        4.020018100738525
    ],
    "val": [
        23.423683643341064,
        21.714921951293945,
        19.50090265274048,
        16.97816503047943,
        14.79477059841156,
        13.336204886436462,
        12.229690432548523,
        11.335179924964905,
        10.51515805721283,
        9.802055418491364,
        8.830694437026978,
        7.957623064517975,
        7.157481551170349,
        6.454723000526428,
        6.199701249599457,
        5.321415364742279,
        4.887165158987045,
        4.4809174835681915,
        4.05292621254921,
        3.7868056893348694
    ]
}