{
    "train": [
        20.282715439796448,
        15.149584293365479,
        12.641435265541077,
        10.9155855178833,
        9.501614570617676,
        8.315541863441467,
        7.32574862241745,
        6.489311039447784,
        5.800134718418121,
        5.242608845233917,
        4.803756296634674,
        4.397534012794495,
        4.039246767759323,
        3.7492171823978424,
        3.524653375148773,
        3.3154886066913605,
        3.1391690969467163,
        3.002488821744919,
        2.869011640548706,
        2.7758066952228546
    ],
    "val": [
        16.704548120498657,
        13.519955277442932,
        11.551673412322998,
        10.040136933326721,
        8.737070560455322,
        7.685486674308777,
        6.772436797618866,
        6.024356663227081,
        5.411982715129852,
        4.925618231296539,
        4.5038467943668365,
        4.12333145737648,
        3.8115644454956055,
        3.5606167018413544,
        3.343251407146454,
        3.1445800065994263,
        2.9837450981140137,
        2.8470065593719482,
        2.716683954000473,
        2.617460072040558
    ]
}