{
    "train": [
        16.619296073913574,
        9.331502377986908,
        5.382902652025223,
        2.9426304697990417,
        3.2525358721613884,
        5.670932039618492,
        3.69157712161541,
        8.860685914754868,
        5.6031689047813416
    ],
    "val": [
        13.388569712638855,
        4.784050703048706,
        3.1555962711572647,
        1.966015711426735,
        5.1446311473846436,
        1.7589318752288818,
        3.7972449362277985,
        6.000389218330383,
        3.3952859938144684
    ]
}