{
    "train": [
        18.22669517993927,
        11.062920689582825,
        7.790192604064941,
        5.562541097402573,
        4.7184590101242065,
        4.4216384291648865,
        2.760724052786827,
        2.21830166131258,
        4.597940102219582,
        4.022452309727669,
        6.118912488222122
    ],
    "val": [
        11.416322112083435,
        8.107280194759369,
        6.211302191019058,
        3.299525022506714,
        3.9817314445972443,
        2.89913646876812,
        1.8785400092601776,
        3.780076786875725,
        4.010600507259369,
        2.4893049895763397,
        10.333193182945251
    ]
}