{
    "train": [
        20.338796377182007,
        19.49879002571106,
        18.598764419555664,
        17.541933059692383,
        16.24958896636963,
        14.643503904342651,
        12.87827980518341,
        11.122377514839172,
        9.688445448875427,
        8.493546605110168,
        7.199297785758972,
        6.189783811569214,
        5.3142372369766235,
        4.772553712129593,
        4.27747967839241,
        3.8448199927806854,
        3.4597321450710297,
        3.2792912125587463,
        3.2183762192726135,
        3.1539611518383026
    ],
    "val": [
        19.850078344345093,
        19.001025915145874,
        18.01965093612671,
        16.835058569908142,
        15.32624900341034,
        13.593336701393127,
        11.788872361183167,
        10.250383734703064,
        9.059374034404755,
        7.603037118911743,
        6.50855565071106,
        5.542612552642822,
        4.965860933065414,
        4.457716792821884,
        3.9500792324543,
        3.5311390161514282,
        3.2798810601234436,
        3.22057443857193,
        3.374257504940033,
        3.1555392146110535
    ]
}