{
    "train": [
        18.478938221931458,
        14.500604391098022,
        12.021403193473816,
        10.220219492912292,
        8.775920033454895,
        7.603961408138275,
        6.642780065536499,
        5.862326681613922,
        5.204379767179489,
        4.64666360616684,
        4.3278544545173645,
        3.861850142478943,
        3.446923106908798,
        3.1662826538085938,
        2.935056895017624,
        2.7429746091365814,
        2.6242427676916122,
        2.681296691298485,
        2.5154432207345963,
        2.98800465464592
    ],
    "val": [
        15.852870106697083,
        12.951099276542664,
        10.903821349143982,
        9.313173055648804,
        8.015483617782593,
        6.967156827449799,
        6.114344418048859,
        5.407450914382935,
        4.802254289388657,
        4.337390065193176,
        4.027911961078644,
        3.528252422809601,
        3.2200397551059723,
        2.9628583192825317,
        2.747452437877655,
        2.654015004634857,
        2.4978350549936295,
        2.4837022572755814,
        2.4806193709373474,
        3.0365920960903168
    ]
}