{
    "train": [
        16.151058077812195,
        7.959781885147095,
        5.257693320512772,
        6.48164901137352,
        3.3949400931596756,
        1.9630246013402939,
        1.6834708601236343,
        2.191763326525688,
        5.5193163603544235,
        4.784484386444092
    ],
    "val": [
        10.702354907989502,
        4.056067109107971,
        7.948467910289764,
        4.614837229251862,
        1.92929345369339,
        1.6830055192112923,
        1.5586751848459244,
        2.537751227617264,
        5.881896466016769,
        2.7154657542705536
    ]
}