{
    "train": [
        20.32340383529663,
        19.51338005065918,
        18.65732479095459,
        17.632084012031555,
        16.35874307155609,
        14.797343134880066,
        13.047897934913635,
        11.29450249671936,
        9.705443263053894,
        8.291257321834564,
        6.983948349952698,
        5.921699643135071,
        5.089859902858734,
        4.432566523551941,
        3.9483276307582855,
        3.486300975084305,
        3.1589884757995605,
        2.947433739900589,
        2.804381847381592,
        2.722458928823471
    ],
    "val": [
        19.83332347869873,
        19.0455584526062,
        18.09150457382202,
        16.90466070175171,
        15.482164978981018,
        13.75197148323059,
        12.011551141738892,
        10.312908411026001,
        8.799782931804657,
        7.44911515712738,
        6.282224476337433,
        5.36142235994339,
        4.622693330049515,
        4.024014234542847,
        3.5889188051223755,
        3.2015471160411835,
        2.9670311510562897,
        2.771986663341522,
        2.663354605436325,
        2.5440677404403687
    ]
}