{
    "train": [
        19.09796667098999,
        14.659163236618042,
        12.145694971084595,
        10.372276425361633,
        8.958380222320557,
        7.803346753120422,
        6.84444785118103,
        6.07401180267334,
        5.464731872081757,
        4.950666069984436,
        4.517840355634689,
        4.148372322320938,
        3.832350194454193,
        3.558494985103607,
        3.340325266122818,
        3.134181559085846,
        2.963537037372589,
        2.7651345133781433,
        2.6460623741149902,
        2.529619425535202
    ],
    "val": [
        16.0803245306015,
        13.046040892601013,
        11.027955770492554,
        9.474801480770111,
        8.214649558067322,
        7.1723873019218445,
        6.32518458366394,
        5.645665645599365,
        5.094404518604279,
        4.626886308193207,
        4.236641854047775,
        3.897804945707321,
        3.6016838252544403,
        3.3727830946445465,
        3.177193731069565,
        3.043162763118744,
        2.8460558652877808,
        2.581097722053528,
        2.4851391464471817,
        2.3814697563648224
    ]
}