{
    "train": [
        18.231059789657593,
        10.839762508869171,
        5.995299458503723,
        3.810158148407936,
        5.742015153169632,
        4.7702633291482925,
        3.8363298773765564,
        4.61320897936821,
        4.450042262673378,
        4.240478485822678,
        6.039381891489029,
        5.46740198135376,
        2.766894608736038,
        2.4609963297843933,
        2.419475018978119,
        4.022122025489807,
        8.811497837305069
    ],
    "val": [
        12.958195090293884,
        6.783154249191284,
        4.589376747608185,
        3.9806638807058334,
        5.846306353807449,
        3.453049063682556,
        4.644610524177551,
        4.459119439125061,
        2.73131200671196,
        3.3637730479240417,
        5.9369777739048,
        2.725377008318901,
        2.558561831712723,
        2.168190211057663,
        3.012497827410698,
        5.9067546129226685,
        6.511361241340637
    ]
}