{
    "train": [
        24.329076290130615,
        22.49324655532837,
        20.30852198600769,
        17.600332260131836,
        14.939621806144714,
        13.11488389968872,
        11.813166975975037,
        10.67519497871399,
        9.570323824882507,
        8.56559556722641,
        7.632442355155945,
        6.764807879924774,
        6.048582524061203,
        5.452248454093933,
        5.031763970851898,
        4.669486999511719,
        4.420150399208069,
        4.208810895681381,
        3.8934392631053925,
        3.706151008605957
    ],
    "val": [
        23.318324089050293,
        21.348439931869507,
        18.84976375102997,
        15.956631541252136,
        13.74760353565216,
        12.256480932235718,
        11.063925564289093,
        9.959037184715271,
        8.938723981380463,
        7.94154679775238,
        7.016939699649811,
        6.236571371555328,
        5.5487615168094635,
        5.024091273546219,
        4.687520623207092,
        4.3909797966480255,
        4.073591947555542,
        3.879908323287964,
        3.63571760058403,
        3.5279593467712402
    ]
}