{
    "train": [
        22.271175622940063,
        16.17041265964508,
        13.095380902290344,
        11.209343433380127,
        9.782792270183563,
        8.604343116283417,
        7.606123208999634,
        6.744621753692627,
        6.013724118471146,
        5.403330296278,
        4.87178847193718,
        4.5451652109622955,
        4.312587261199951,
        3.7838298082351685,
        3.4623868465423584,
        3.2203160524368286,
        3.066105842590332,
        3.1785073280334473,
        3.1475488245487213,
        2.684455245733261
    ],
    "val": [
        18.181283116340637,
        14.116223335266113,
        11.898166298866272,
        10.315516531467438,
        9.024753212928772,
        7.947298884391785,
        7.030853688716888,
        6.242399871349335,
        5.579012483358383,
        4.998116165399551,
        4.536911845207214,
        4.180419147014618,
        3.9366053342819214,
        3.499310702085495,
        3.238989531993866,
        3.021416574716568,
        3.1076225638389587,
        2.8485970497131348,
        2.7180047780275345,
        2.5054083466529846
    ]
}