{
    "train": [
        13.743046045303345,
        10.15890109539032,
        8.16489189863205,
        5.084754079580307,
        4.279675558209419,
        5.872609943151474,
        3.935854285955429,
        2.2634288296103477,
        1.6301511228084564,
        1.2557515501976013,
        1.6239343732595444,
        5.507597208023071,
        7.504639893770218
    ],
    "val": [
        10.716129899024963,
        9.62174367904663,
        5.086225092411041,
        6.071669429540634,
        4.831660211086273,
        4.817528784275055,
        2.2072052657604218,
        1.1955090090632439,
        1.015556737780571,
        0.8818461820483208,
        4.336360424757004,
        6.135121434926987,
        6.5770498514175415
    ]
}