{
    "train": [
        15.684402227401733,
        14.467854857444763,
        13.207656264305115,
        11.900142312049866,
        10.623789429664612,
        9.501829147338867,
        8.547971725463867,
        7.680337965488434,
        6.839199006557465,
        6.0378459095954895,
        5.452230513095856,
        4.8655064702034,
        4.40596541762352,
        3.9102510511875153,
        3.5139483511447906,
        3.4757581651210785,
        3.0530867874622345,
        2.7729963660240173,
        2.5800176560878754,
        2.474417209625244
    ],
    "val": [
        14.964464902877808,
        13.727182030677795,
        12.460388422012329,
        11.144593954086304,
        9.908915281295776,
        8.871940195560455,
        7.9985469579696655,
        7.164598226547241,
        6.315715312957764,
        5.5727697014808655,
        5.140597343444824,
        4.535259038209915,
        3.9409747421741486,
        3.5667092502117157,
        3.2512580156326294,
        3.121903419494629,
        2.811175376176834,
        2.4894631654024124,
        2.3092785328626633,
        2.1785131692886353
    ]
}