{
    "train": [
        15.023839831352234,
        10.259189128875732,
        8.37412178516388,
        7.255996942520142,
        6.339271128177643,
        5.52780020236969,
        4.837422132492065,
        4.274526655673981,
        3.8033739030361176,
        3.397532105445862,
        3.0780187845230103,
        2.758636385202408,
        2.513299137353897,
        2.309462606906891,
        2.122314929962158,
        1.9590208530426025,
        1.8193386942148209,
        1.6709243804216385,
        1.567621961236,
        1.5512078255414963
    ],
    "val": [
        11.528660416603088,
        8.978155612945557,
        7.677328824996948,
        6.682096898555756,
        5.821690857410431,
        5.0660722851753235,
        4.442645579576492,
        3.9277714788913727,
        3.4896499812602997,
        3.1287233531475067,
        2.8041917383670807,
        2.5195416510105133,
        2.302283674478531,
        2.1112758815288544,
        1.9280105978250504,
        1.7884245663881302,
        1.636264145374298,
        1.5111883580684662,
        1.4232187569141388,
        1.402630627155304
    ]
}