{
    "train": [
        7.259995877742767,
        5.849547266960144,
        4.87035346031189,
        3.6390497386455536,
        1.9578710496425629,
        7.293757282197475,
        5.245241343975067,
        4.959459215402603
    ],
    "val": [
        6.22191059589386,
        4.971692889928818,
        3.938819468021393,
        2.0876688957214355,
        0.7623897977173328,
        5.36692887544632,
        5.023763954639435,
        4.454121112823486
    ]
}