{
    "train": [
        6.165998637676239,
        5.668832063674927,
        5.332131803035736,
        5.082560062408447,
        4.8502276837825775,
        4.5913020968437195,
        4.339260071516037,
        4.06852188706398,
        3.7637560963630676,
        3.4683696031570435,
        3.1580157577991486,
        2.8568065613508224,
        2.6092839390039444,
        2.3574324548244476,
        1.9709995239973068,
        1.6004284173250198,
        1.517316423356533,
        1.1957795396447182,
        1.0072350427508354,
        0.8768178261816502
    ],
    "val": [
        5.847286283969879,
        5.4813032150268555,
        5.17522794008255,
        4.925694584846497,
        4.686203181743622,
        4.443127006292343,
        4.176744312047958,
        3.879180818796158,
        3.5788342654705048,
        3.2729165256023407,
        2.934929758310318,
        2.60068716108799,
        2.4150256514549255,
        2.060875028371811,
        1.6848082095384598,
        1.4813500046730042,
        1.277413748204708,
        1.0344407185912132,
        0.9018686935305595,
        0.7975889071822166
    ]
}