{
    "train": [
        5.360167473554611,
        4.261092245578766,
        3.6817071735858917,
        3.1750158071517944,
        2.742580473423004,
        2.3849914520978928,
        2.0697649866342545,
        1.8003632575273514,
        1.5516914278268814,
        1.3386048525571823,
        1.1569091826677322,
        0.9983556643128395,
        1.0157399699091911,
        0.8329426571726799,
        0.6722039543092251,
        0.5694766342639923,
        0.49910905584692955,
        0.4393695145845413,
        0.3841424398124218,
        0.3442188482731581
    ],
    "val": [
        4.553946524858475,
        3.882740408182144,
        3.3559817373752594,
        2.8827163577079773,
        2.4976656436920166,
        2.1732454001903534,
        1.8776712715625763,
        1.629800021648407,
        1.3976497054100037,
        1.2141420096158981,
        1.040973536670208,
        0.9867663979530334,
        0.900011695921421,
        0.7064185962080956,
        0.5852284878492355,
        0.5080047100782394,
        0.4381507597863674,
        0.3776868097484112,
        0.30601415410637856,
        0.584348663687706
    ]
}