{
    "train": [
        15.29911720752716,
        8.359376907348633,
        3.9593622982501984,
        1.8423152565956116,
        1.0012167282402515,
        0.6404719091951847,
        3.5020141936838627,
        5.9677669405937195
    ],
    "val": [
        10.551034152507782,
        4.315942257642746,
        2.7876547127962112,
        0.9456322640180588,
        0.3290782691910863,
        4.808823794126511,
        3.5838884711265564,
        7.609719425439835
    ]
}