{
    "train": [
        20.583064556121826,
        19.029855251312256,
        17.235788583755493,
        15.300530433654785,
        13.726983666419983,
        12.618215322494507,
        11.554425835609436,
        10.507004857063293,
        9.523492276668549,
        8.553215324878693,
        7.642211616039276,
        6.7873178124427795,
        5.95403990149498,
        5.285717844963074,
        4.636997401714325,
        4.070523917675018,
        3.5975954085588455,
        3.127206012606621,
        2.6950102895498276,
        2.3752918541431427
    ],
    "val": [
        19.728737354278564,
        18.09473192691803,
        16.153534770011902,
        14.322921752929688,
        13.014053106307983,
        11.966624855995178,
        10.961966514587402,
        9.859768152236938,
        8.916127324104309,
        7.963809013366699,
        7.094503343105316,
        6.237133502960205,
        5.500479847192764,
        4.8655970096588135,
        4.290192753076553,
        3.836871027946472,
        3.2703429460525513,
        2.839918091893196,
        2.491228848695755,
        2.1978015452623367
    ]
}