{
    "train": [
        18.68878209590912,
        12.97279417514801,
        10.540653347969055,
        9.009943664073944,
        7.817463219165802,
        6.809676826000214,
        5.931656301021576,
        5.1581224501132965,
        4.491383641958237,
        3.91696697473526,
        3.412792146205902,
        2.9970776736736298,
        2.6632420271635056,
        2.3895599097013474,
        2.1411854028701782,
        1.9444807171821594,
        1.776777744293213,
        1.6431889086961746,
        1.5579790771007538,
        1.3792602494359016
    ],
    "val": [
        14.562999844551086,
        11.351394653320312,
        9.559940099716187,
        8.261637151241302,
        7.181748270988464,
        6.24283641576767,
        5.424532055854797,
        4.7195956110954285,
        4.108556628227234,
        3.5715426206588745,
        3.118576854467392,
        2.75845205783844,
        2.469833716750145,
        2.1971165537834167,
        1.9778929650783539,
        1.803028330206871,
        1.6389854848384857,
        1.5267587453126907,
        1.3953244388103485,
        1.268774352967739
    ]
}