{
    "train": [
        7.784041047096252,
        5.965344250202179,
        5.30103200674057,
        5.174799561500549,
        3.707811877131462,
        2.647614486515522,
        2.990690805017948,
        3.5167708471417427,
        1.3605980165302753,
        3.5556847602128983
    ],
    "val": [
        5.706813246011734,
        5.3939319252967834,
        4.544068515300751,
        3.764342486858368,
        2.2735060453414917,
        1.0873459801077843,
        6.1584479957818985,
        1.9261176511645317,
        1.7441392242908478,
        2.879184126853943
    ]
}