{
    "train": [
        5.974367380142212,
        5.602976441383362,
        5.332917630672455,
        5.115511387586594,
        4.916737973690033,
        4.710755378007889,
        4.486225932836533,
        4.225666284561157,
        3.9540635347366333,
        3.653235763311386,
        3.3225444555282593,
        2.9756343066692352,
        2.636229082942009,
        2.4815573692321777,
        2.187030717730522,
        1.730182945728302,
        1.5689945816993713,
        1.276483230292797,
        1.0164159014821053,
        0.817069947719574
    ],
    "val": [
        5.723855257034302,
        5.439577996730804,
        5.195897042751312,
        4.9898253083229065,
        4.786666810512543,
        4.563822120428085,
        4.3210625648498535,
        4.04050213098526,
        3.748174548149109,
        3.4233681559562683,
        3.0788277685642242,
        2.694698914885521,
        2.362630933523178,
        2.329164206981659,
        1.8298975825309753,
        1.5387795567512512,
        1.5157860144972801,
        1.0582976415753365,
        0.8543680235743523,
        0.7021843306720257
    ]
}