{
    "train": [
        5.714939177036285,
        4.734964191913605,
        4.171878844499588,
        3.69510155916214,
        3.253020852804184,
        2.8499127626419067,
        2.455766975879669,
        2.074868768453598,
        1.6826975345611572,
        1.3668493553996086,
        1.1465491726994514,
        0.9113258644938469,
        0.7626156508922577,
        0.670102447271347,
        0.5936518460512161,
        0.5283117964863777,
        0.4685472548007965,
        0.44730838760733604,
        0.4983997568488121,
        0.3422952014952898
    ],
    "val": [
        5.015544086694717,
        4.3733837604522705,
        3.86968132853508,
        3.4106491208076477,
        2.9898211658000946,
        2.591811031103134,
        2.2047961950302124,
        1.8134654313325882,
        1.4427914172410965,
        1.22285944968462,
        0.9866214916110039,
        0.825554609298706,
        0.674158588051796,
        0.5984229482710361,
        0.6546098962426186,
        0.5833018869161606,
        0.4484020844101906,
        0.3392698634415865,
        0.34078285098075867,
        0.30059031769633293
    ]
}