{
    "train": [
        7.160893261432648,
        5.337937414646149,
        4.1132506132125854,
        3.7562805712223053,
        3.3464705646038055,
        2.5225159898400307,
        2.4732449650764465,
        2.8617593199014664,
        1.9819058328866959,
        1.4780103415250778,
        1.8341989889740944,
        1.865684986114502,
        1.8006430268287659
    ],
    "val": [
        5.880940675735474,
        4.294385224580765,
        3.168643891811371,
        2.1432896852493286,
        3.1839128732681274,
        1.5506390184164047,
        3.7938429415225983,
        2.186937525868416,
        1.0808965787291527,
        1.4745123460888863,
        1.1928828582167625,
        1.3560054823756218,
        1.9008670821785927
    ]
}