{
    "train": [
        6.098600804805756,
        5.7808228731155396,
        5.5045968890190125,
        5.239520072937012,
        4.971425235271454,
        4.670061260461807,
        4.364798724651337,
        4.011713922023773,
        3.6204605996608734,
        3.2049464285373688,
        2.7915486693382263,
        2.3984168767929077,
        2.0557709336280823,
        1.7443961948156357,
        1.4822075217962265,
        1.2893068715929985,
        1.11542659252882,
        1.0755509287118912,
        0.9927276372909546,
        0.8622415512800217
    ],
    "val": [
        5.879749536514282,
        5.6167187094688416,
        5.3442103266716,
        5.072509944438934,
        4.7827083468437195,
        4.479347079992294,
        4.150617599487305,
        3.7850420773029327,
        3.3457559943199158,
        2.9426557421684265,
        2.5337380468845367,
        2.172404557466507,
        1.8092035204172134,
        1.5617382228374481,
        1.322102777659893,
        1.1414802744984627,
        0.9960808828473091,
        0.8896177634596825,
        0.8539264425635338,
        0.7561856508255005
    ]
}