{
    "train": [
        5.432620048522949,
        4.289261370897293,
        3.721226453781128,
        3.2689745128154755,
        2.852481335401535,
        2.476318448781967,
        2.1475154012441635,
        1.8654728382825851,
        1.6232333928346634,
        1.4099987149238586,
        1.2284922525286674,
        1.0661213472485542,
        0.9166135340929031,
        0.7810181751847267,
        0.673834353685379,
        0.5802172087132931,
        0.5138330273330212,
        0.6466038040816784,
        1.76503037661314,
        1.6052303537726402
    ],
    "val": [
        4.578139454126358,
        3.916914463043213,
        3.4283337891101837,
        2.9977753460407257,
        2.6061624884605408,
        2.256831794977188,
        1.9605448842048645,
        1.7006919533014297,
        1.4775509387254715,
        1.2829071134328842,
        1.1182071194052696,
        0.9672279804944992,
        0.828414760529995,
        0.6990351304411888,
        0.5964604988694191,
        0.5235980972647667,
        0.48240792378783226,
        1.1181898787617683,
        2.3526082634925842,
        0.7589603066444397
    ]
}