{
    "train": [
        12.361583232879639,
        9.772817850112915,
        7.3084041476249695,
        5.474070906639099,
        3.4883601516485214,
        8.52994829416275,
        7.7746782302856445
    ],
    "val": [
        9.558887481689453,
        8.000958442687988,
        5.031096994876862,
        4.934268414974213,
        5.083358481526375,
        8.781360566616058,
        5.460279196500778
    ]
}