{
    "train": [
        15.62416124343872,
        14.414735198020935,
        13.287296533584595,
        12.166709542274475,
        11.1564359664917,
        10.29933387041092,
        9.542698800563812,
        8.888530611991882,
        8.238929867744446,
        7.649491965770721,
        7.089381217956543,
        6.5548582673072815,
        5.950285702943802,
        5.304960876703262,
        4.780365526676178,
        4.329579830169678,
        3.9736875891685486,
        3.891569435596466,
        3.5323764085769653,
        3.3438925445079803
    ],
    "val": [
        14.899222135543823,
        13.785882472991943,
        12.632342338562012,
        11.558863997459412,
        10.64973270893097,
        9.828101754188538,
        9.159695386886597,
        8.47714376449585,
        7.862979054450989,
        7.231805145740509,
        6.843407690525055,
        6.119923830032349,
        5.509894669055939,
        4.975779742002487,
        4.418613284826279,
        3.995492935180664,
        3.9363748133182526,
        3.5833247900009155,
        3.379040449857712,
        3.0818501710891724
    ]
}