{
    "train": [
        13.38719356060028,
        9.880090534687042,
        8.357629477977753,
        7.264963209629059,
        6.3461368680000305,
        5.574634373188019,
        4.9210682809352875,
        4.390370666980743,
        3.945978045463562,
        3.5799805521965027,
        3.284355968236923,
        3.036652535200119,
        2.8280045688152313,
        2.689301073551178,
        2.6409718990325928,
        2.4792865812778473,
        2.3038233816623688,
        2.1837281584739685,
        2.204556941986084,
        2.1529937386512756
    ],
    "val": [
        10.788581132888794,
        8.869346678256989,
        7.656563580036163,
        6.659296929836273,
        5.826270759105682,
        5.111374795436859,
        4.529979050159454,
        4.04245999455452,
        3.6352046728134155,
        3.3064615428447723,
        3.050058752298355,
        2.795230895280838,
        2.6037411093711853,
        2.4433523267507553,
        2.301723390817642,
        2.254793018102646,
        2.115993022918701,
        2.0175370573997498,
        2.0817503482103348,
        1.9438200443983078
    ]
}