{
    "train": [
        18.697513461112976,
        9.849813997745514,
        3.852229356765747,
        1.9123223461210728,
        4.077231675386429,
        1.0825896970927715,
        1.259629711508751,
        5.092039814218879,
        2.653161160647869,
        10.262569218873978
    ],
    "val": [
        13.202538847923279,
        5.538605660200119,
        1.1957358419895172,
        1.8624306321144104,
        1.4960082545876503,
        0.767339900135994,
        0.6732511334121227,
        2.780476838350296,
        3.358029991388321,
        7.11275851726532
    ]
}