{
    "train": [
        21.013760805130005,
        19.903965950012207,
        18.70060431957245,
        17.300137162208557,
        15.742483258247375,
        14.13406753540039,
        12.614554524421692,
        11.107693791389465,
        9.56669968366623,
        8.087462484836578,
        6.721945881843567,
        5.492787957191467,
        4.53022575378418,
        3.8292242288589478,
        3.313128411769867,
        2.8804201781749725,
        2.555205151438713,
        2.56021985411644,
        2.323986306786537,
        2.0793242305517197
    ],
    "val": [
        20.35431456565857,
        19.230955123901367,
        17.917224884033203,
        16.395232915878296,
        14.775843381881714,
        13.213131666183472,
        11.711095452308655,
        10.175054550170898,
        8.709811985492706,
        7.284635126590729,
        5.9469499588012695,
        4.850070893764496,
        3.9909072816371918,
        3.4064765572547913,
        3.02863410115242,
        2.582041412591934,
        2.3011210560798645,
        2.3978985846042633,
        1.8658505976200104,
        1.7627708315849304
    ]
}