{
    "train": [
        20.14965844154358,
        14.686221837997437,
        11.46903908252716,
        9.316214323043823,
        7.738122284412384,
        6.496884822845459,
        5.480889618396759,
        4.679072797298431,
        4.0082739889621735,
        3.4324674010276794,
        2.9992482662200928,
        2.6174252331256866,
        2.2906794250011444,
        2.0457495599985123,
        1.8203107714653015,
        1.6473578810691833,
        1.4857023805379868,
        1.3960451632738113,
        2.186285674571991,
        2.064334884285927
    ],
    "val": [
        16.483760356903076,
        12.616885423660278,
        10.097537517547607,
        8.321204781532288,
        6.961950957775116,
        5.854949355125427,
        4.968513458967209,
        4.252368927001953,
        3.6279223561286926,
        3.1242256462574005,
        2.750677704811096,
        2.3778876662254333,
        2.1095214188098907,
        1.878149300813675,
        1.6708157062530518,
        1.5041759759187698,
        1.385915607213974,
        1.4738307446241379,
        2.223773419857025,
        1.5010173469781876
    ]
}